Unnamed: 0,CG_RMSD,RMSD,MCQ,TM-score
normalized_simrna_rp05.pdb,1.487671248748924,34.008,22.35,0.204
normalized_trrosettarna_rp05_4.pdb,1.2842571414056667,26.402,55.71,0.196
normalized_best_rp05_25.pdb,0.6777055850811833,25.607,24.35,0.231
normalized_best_rp05_22.pdb,0.6930509970625308,26.539,22.06,0.28
normalized_vfoldpipeline_rp05.pdb,9.240202868124411,32.803,23.48,0.229
normalized_best_rp05_14.pdb,0.6228008346684184,23.746,20.69,0.3
normalized_trrosettarna_rp05_1.pdb,1.4338055555182547,3.448,28.97,0.841
normalized_best_rp05_3.pdb,1.494393004081732,21.856,21.52,0.277
normalized_best_rp05_16.pdb,0.6888394244616634,26.129,23.66,0.229
normalized_ifoldrna_rp05_4.pdb,10.879709460267826,79.604,26.25,0.114
normalized_best_rp05_21.pdb,0.2476414407279104,9.031,20.89,0.57
normalized_rhofold_rp05.pdb,0.4885686093552498,5.822,53.39,0.658
normalized_best_rp05_6.pdb,0.5925180367561002,22.598,22.47,0.341
normalized_best_rp05_8.pdb,1.5910069080155873,32.556,32.02,0.189
normalized_alphafold3_rp05_2.pdb,1.1783491769472323,3.884,12.3,0.797
normalized_ifoldrna_rp05_5.pdb,10.821518614581956,68.69,28.68,0.144
normalized_alphafold3_rp05_5.pdb,1.1772646937742544,3.912,12.26,0.792
normalized_best_rp05_20.pdb,1.5413323333775844,24.719,22.73,0.231
normalized_3drna_rp05.pdb,3.1306192153305448,33.689,33.32,0.19
normalized_3drna_rp05_2.pdb,3.066503342685108,33.84,32.52,0.17
normalized_best_rp05_13.pdb,0.5067688071319458,19.364,23.07,0.314
normalized_vfold_rp05.pdb,8.741085031442108,35.335,21.02,0.244
normalized_ifoldrna_rp05_1.pdb,10.89061838550951,82.344,27.31,0.126
normalized_eprna_rp05.pdb,1.0917686330945655,40.644,95.99,0.156
normalized_best_rp05_15.pdb,0.8309520607336325,31.505,24.46,0.207
normalized_alphafold3_rp05_3.pdb,1.210891125962498,3.92,12.11,0.793
normalized_ifoldrna_rp05_3.pdb,10.89006888507424,82.018,27.06,0.103
normalized_alphafold3_rp05_1.pdb,1.0889876420161433,3.993,12.11,0.789
normalized_best_rp05_1.pdb,0.6525294222391905,24.638,21.05,0.285
normalized_best_rp05_9.pdb,0.5779062925379607,22.012,23.07,0.32
normalized_best_rp05_18.pdb,0.4430212290030805,16.382,23.6,0.275
normalized_rnajp_rp05.pdb,1.1658277656823313,38.308,22.13,0.16
normalized_best_rp05_12.pdb,0.6054459026685866,23.253,22.5,0.333
normalized_rnacomposer_rp05.pdb,1.2427376309906306,31.897,24.64,0.246
normalized_3drna_rp05_5.pdb,3.005873930341448,26.603,33.31,0.197
normalized_3drna_rp05_1.pdb,2.789017563489162,34.037,29.32,0.17
normalized_best_rp05_5.pdb,0.5431123628773816,20.273,20.17,0.302
normalized_best_rp05_2.pdb,1.4961845148806263,21.222,22.03,0.248
normalized_best_rp05_24.pdb,0.2671169701666909,9.753,21.67,0.515
normalized_best_rp05_17.pdb,0.8068097926626657,31.007,21.73,0.273
normalized_trrosettarna_rp05_3.pdb,1.434396450248151,3.541,35.7,0.835
normalized_best_rp05_23.pdb,0.7700799201632215,29.235,23.63,0.207
normalized_trrosettarna_rp05_5.pdb,1.3010426080570097,26.492,57.95,0.202
normalized_3drna_rp05_4.pdb,2.94450996773884,36.498,38.38,0.186
normalized_best_rp05_7.pdb,0.5067688071319458,19.364,23.07,0.314
normalized_best_rp05_11.pdb,0.5905440271463008,22.41,20.72,0.287
normalized_best_rp05_4.pdb,0.9389991568153488,36.181,31.9,0.2
normalized_best_rp05_19.pdb,0.8311860435769363,31.474,24.02,0.217
normalized_best_rp05_10.pdb,0.7088055946257633,26.976,21.18,0.352
normalized_alphafold3_rp05_4.pdb,1.1514490019029302,3.85,11.94,0.796
normalized_ifoldrna_rp05_2.pdb,10.890223739763536,82.593,27.27,0.12
normalized_trrosettarna_rp05_2.pdb,1.43127363922368,3.469,29.07,0.842
normalized_3drna_rp05_3.pdb,2.8065432229232217,25.646,35.95,0.242
